{"stats":{"minecraft:broken":{"minecraft:stone_axe":1},"minecraft:mined":{"minecraft:spruce_planks":1,"minecraft:farmland":2,"minecraft:hanging_roots":6,"minecraft:crafting_table":3,"minecraft:short_grass":2,"minecraft:grass_block":46,"minecraft:chest":3,"minecraft:copper_ore":7,"minecraft:cobblestone":2,"minecraft:spruce_leaves":12,"minecraft:oak_planks":6,"minecraft:rooted_dirt":48,"minecraft:spruce_stairs":5,"minecraft:oak_trapdoor":14,"minecraft:furnace":1,"minecraft:sweet_berry_bush":2,"minecraft:snow":55,"minecraft:spruce_log":75,"minecraft:pumpkin":1,"minecraft:coal_ore":37,"minecraft:oak_log":32,"minecraft:flowering_azalea_leaves":1,"minecraft:sand":2,"minecraft:dirt":31,"minecraft:azalea_leaves":3,"minecraft:stone":41,"minecraft:white_wool":5,"minecraft:oak_leaves":9,"minecraft:spruce_slab":6},"minecraft:picked_up":{"minecraft:crafting_table":3,"minecraft:cooked_beef":1,"minecraft:chicken":2,"minecraft:wooden_pickaxe":2,"minecraft:oak_log":45,"minecraft:gunpowder":2,"minecraft:string":2,"minecraft:dirt":116,"minecraft:oak_trapdoor":14,"minecraft:raw_copper":23,"minecraft:hanging_roots":45,"minecraft:bone":4,"minecraft:spruce_planks":21,"minecraft:stone_pickaxe":2,"minecraft:spruce_slab":6,"minecraft:chest":3,"minecraft:oak_planks":6,"minecraft:furnace":1,"minecraft:stick":11,"minecraft:cooked_porkchop":5,"minecraft:pumpkin":1,"minecraft:sweet_berries":23,"minecraft:spruce_stairs":11,"minecraft:sand":1,"minecraft:porkchop":4,"minecraft:spruce_sapling":1,"minecraft:spruce_log":103,"minecraft:arrow":1,"minecraft:rotten_flesh":13,"minecraft:spruce_boat":7,"minecraft:stone_axe":3,"minecraft:rooted_dirt":48,"minecraft:oak_sapling":7,"minecraft:mutton":1,"minecraft:coal":42,"minecraft:snowball":55,"minecraft:white_wool":7,"minecraft:cobblestone":73},"minecraft:dropped":{"minecraft:dirt":1},"minecraft:crafted":{"minecraft:cooked_beef":3,"minecraft:oak_planks":88,"minecraft:wooden_shovel":1,"minecraft:stone_shovel":1,"minecraft:cooked_porkchop":12,"minecraft:crafting_table":3,"minecraft:spruce_planks":244,"minecraft:cooked_chicken":3,"minecraft:wooden_pickaxe":1,"minecraft:spruce_door":3,"minecraft:bone_meal":12,"minecraft:stone_axe":2,"minecraft:air":0,"minecraft:oak_trapdoor":18,"minecraft:spruce_stairs":68,"minecraft:spruce_slab":24,"minecraft:stick":12,"minecraft:stone_pickaxe":1,"minecraft:white_bed":1,"minecraft:spruce_boat":2,"minecraft:torch":12,"minecraft:stone_hoe":1},"minecraft:custom":{"minecraft:interact_with_furnace":13,"minecraft:mob_kills":13,"minecraft:interact_with_crafting_table":20,"minecraft:leave_game":1,"minecraft:time_since_death":99085,"minecraft:sleep_in_bed":4,"minecraft:time_since_rest":1219,"minecraft:sprint_one_cm":259009,"minecraft:damage_taken":1460,"minecraft:walk_one_cm":428497,"minecraft:drop":1,"minecraft:damage_dealt":1930,"minecraft:fly_one_cm":317388,"minecraft:open_chest":31,"minecraft:crouch_one_cm":6835,"minecraft:play_time":116551,"minecraft:deaths":2,"minecraft:sneak_time":2124,"minecraft:walk_under_water_one_cm":1982,"minecraft:boat_one_cm":222712,"minecraft:jump":1817,"minecraft:interact_with_blast_furnace":1,"minecraft:walk_on_water_one_cm":3910,"minecraft:total_world_time":116551,"minecraft:fall_one_cm":31288},"minecraft:killed":{"minecraft:pig":2,"minecraft:spider":1,"minecraft:creeper":1,"minecraft:sheep":1,"minecraft:skeleton":1,"minecraft:zombie":4,"minecraft:chicken":2},"minecraft:killed_by":{"minecraft:player":1,"minecraft:skeleton":1},"minecraft:used":{"minecraft:oak_trapdoor":31,"minecraft:spruce_door":1,"minecraft:stone_shovel":96,"minecraft:spruce_slab":27,"minecraft:stone_pickaxe":33,"minecraft:oak_planks":33,"minecraft:spruce_planks":41,"minecraft:chest":3,"minecraft:wooden_pickaxe":55,"minecraft:cooked_chicken":3,"minecraft:stone_hoe":55,"minecraft:rotten_flesh":6,"minecraft:iron_chestplate":1,"minecraft:white_wool":5,"minecraft:torch":2,"minecraft:dirt":56,"minecraft:crafting_table":5,"minecraft:spruce_stairs":69,"minecraft:white_bed":1,"minecraft:snowball":50,"minecraft:spruce_log":7,"minecraft:spruce_boat":8,"minecraft:oak_log":12,"minecraft:rooted_dirt":48,"minecraft:iron_helmet":1,"minecraft:stone_axe":158,"minecraft:cobblestone":34,"minecraft:furnace":1,"minecraft:porkchop":1,"minecraft:cooked_porkchop":8,"minecraft:cooked_beef":2,"minecraft:bone_meal":6}},"DataVersion":3953}