{"stats":{"minecraft:mined":{"minecraft:smithing_table":1,"minecraft:white_bed":2,"minecraft:furnace":2,"minecraft:spruce_log":25,"minecraft:crafting_table":1,"minecraft:blast_furnace":1,"minecraft:bookshelf":5,"minecraft:chest":1,"minecraft:lectern":1,"minecraft:spruce_leaves":1,"minecraft:stone":77,"minecraft:grindstone":2,"minecraft:blue_bed":1},"minecraft:custom":{"minecraft:time_since_rest":1986,"minecraft:sprint_one_cm":46237,"minecraft:damage_taken":225,"minecraft:walk_one_cm":89823,"minecraft:mob_kills":1,"minecraft:damage_dealt":158,"minecraft:interact_with_crafting_table":4,"minecraft:fly_one_cm":34946,"minecraft:open_chest":5,"minecraft:crouch_one_cm":121,"minecraft:play_time":17966,"minecraft:sneak_time":6,"minecraft:jump":181,"minecraft:time_since_death":17966,"minecraft:sleep_in_bed":2,"minecraft:total_world_time":17966,"minecraft:fall_one_cm":5494},"minecraft:picked_up":{"minecraft:book":15,"minecraft:crafting_table":1,"minecraft:smithing_table":1,"minecraft:blast_furnace":1,"minecraft:white_bed":2,"minecraft:spruce_log":25,"minecraft:blue_bed":1,"minecraft:grindstone":2,"minecraft:lectern":1,"minecraft:chest":1,"minecraft:cobblestone":77,"minecraft:furnace":2},"minecraft:used":{"minecraft:bread":5,"minecraft:stone_pickaxe":80,"minecraft:wooden_pickaxe":3,"minecraft:blue_bed":1,"minecraft:stone_axe":33,"minecraft:crafting_table":1,"minecraft:grindstone":2,"minecraft:white_bed":2},"minecraft:crafted":{"minecraft:crafting_table":1,"minecraft:spruce_planks":16,"minecraft:stick":12,"minecraft:wooden_pickaxe":1,"minecraft:stone_pickaxe":2,"minecraft:stone_sword":1,"minecraft:stone_axe":1}},"DataVersion":3953}