{"stats":{"minecraft:mined":{"minecraft:smithing_table":1,"minecraft:white_bed":2,"minecraft:furnace":2,"minecraft:spruce_log":25,"minecraft:crafting_table":2,"minecraft:short_grass":6,"minecraft:blast_furnace":1,"minecraft:bookshelf":5,"minecraft:grass_block":210,"minecraft:chest":1,"minecraft:dirt":77,"minecraft:lectern":1,"minecraft:spruce_leaves":1,"minecraft:stone":77,"minecraft:grindstone":2,"minecraft:oxeye_daisy":1,"minecraft:blue_bed":1},"minecraft:custom":{"minecraft:time_since_rest":6220,"minecraft:sprint_one_cm":122549,"minecraft:damage_taken":307,"minecraft:walk_one_cm":169904,"minecraft:mob_kills":11,"minecraft:drop":2,"minecraft:damage_dealt":871,"minecraft:interact_with_crafting_table":9,"minecraft:fly_one_cm":133496,"minecraft:open_chest":10,"minecraft:crouch_one_cm":10137,"minecraft:play_time":38787,"minecraft:sneak_time":2159,"minecraft:bell_ring":9,"minecraft:jump":567,"minecraft:interact_with_grindstone":1,"minecraft:leave_game":1,"minecraft:time_since_death":38787,"minecraft:walk_on_water_one_cm":49,"minecraft:sleep_in_bed":3,"minecraft:total_world_time":38787,"minecraft:fall_one_cm":13710},"minecraft:picked_up":{"minecraft:book":15,"minecraft:crafting_table":2,"minecraft:wheat":1,"minecraft:feather":10,"minecraft:chicken":7,"minecraft:smithing_table":1,"minecraft:blast_furnace":1,"minecraft:white_bed":2,"minecraft:spruce_log":25,"minecraft:dirt":286,"minecraft:blue_bed":1,"minecraft:beetroot_seeds":9,"minecraft:wheat_seeds":24,"minecraft:spruce_planks":12,"minecraft:beef":4,"minecraft:grindstone":2,"minecraft:lectern":1,"minecraft:chest":1,"minecraft:iron_sword":1,"minecraft:furnace":2,"minecraft:cobblestone":77,"minecraft:oxeye_daisy":1},"minecraft:used":{"minecraft:stone_sword":10,"minecraft:iron_shovel":254,"minecraft:bread":10,"minecraft:stone_shovel":29,"minecraft:stone_pickaxe":80,"minecraft:spruce_planks":7,"minecraft:wooden_pickaxe":3,"minecraft:chest":1,"minecraft:iron_sword":18,"minecraft:blue_bed":1,"minecraft:stone_axe":34,"minecraft:dirt":133,"minecraft:crafting_table":3,"minecraft:grindstone":2,"minecraft:white_bed":2},"minecraft:broken":{"minecraft:iron_shovel":1},"minecraft:killed":{"minecraft:zombie":1,"minecraft:chicken":7,"minecraft:cow":2},"minecraft:dropped":{"minecraft:stone_axe":1,"minecraft:iron_sword":1},"minecraft:crafted":{"minecraft:stone_shovel":2,"minecraft:crafting_table":1,"minecraft:spruce_planks":100,"minecraft:stick":28,"minecraft:wooden_pickaxe":1,"minecraft:stone_pickaxe":2,"minecraft:stone_sword":1,"minecraft:iron_shovel":1,"minecraft:stone_axe":1}},"DataVersion":3953}