{"stats":{"minecraft:mined":{"minecraft:smithing_table":1,"minecraft:white_bed":2,"minecraft:furnace":2,"minecraft:spruce_log":25,"minecraft:crafting_table":2,"minecraft:short_grass":6,"minecraft:blast_furnace":1,"minecraft:bookshelf":5,"minecraft:grass_block":210,"minecraft:chest":1,"minecraft:dirt":71,"minecraft:lectern":1,"minecraft:spruce_leaves":1,"minecraft:stone":77,"minecraft:grindstone":2,"minecraft:oxeye_daisy":1,"minecraft:blue_bed":1},"minecraft:custom":{"minecraft:time_since_rest":13986,"minecraft:sprint_one_cm":83000,"minecraft:damage_taken":245,"minecraft:walk_one_cm":149912,"minecraft:mob_kills":6,"minecraft:drop":1,"minecraft:damage_dealt":473,"minecraft:interact_with_crafting_table":9,"minecraft:fly_one_cm":96684,"minecraft:open_chest":10,"minecraft:crouch_one_cm":121,"minecraft:play_time":29966,"minecraft:bell_ring":9,"minecraft:sneak_time":8,"minecraft:jump":411,"minecraft:interact_with_grindstone":1,"minecraft:walk_on_water_one_cm":49,"minecraft:time_since_death":29966,"minecraft:sleep_in_bed":2,"minecraft:total_world_time":29966,"minecraft:fall_one_cm":10403},"minecraft:picked_up":{"minecraft:book":15,"minecraft:crafting_table":2,"minecraft:feather":4,"minecraft:chicken":4,"minecraft:smithing_table":1,"minecraft:blast_furnace":1,"minecraft:white_bed":2,"minecraft:spruce_log":25,"minecraft:dirt":279,"minecraft:blue_bed":1,"minecraft:wheat_seeds":6,"minecraft:beef":3,"minecraft:grindstone":2,"minecraft:lectern":1,"minecraft:chest":1,"minecraft:iron_sword":1,"minecraft:oxeye_daisy":1,"minecraft:cobblestone":77,"minecraft:furnace":2},"minecraft:used":{"minecraft:stone_sword":10,"minecraft:iron_shovel":254,"minecraft:stone_shovel":29,"minecraft:bread":8,"minecraft:stone_pickaxe":80,"minecraft:iron_sword":1,"minecraft:chest":1,"minecraft:wooden_pickaxe":3,"minecraft:blue_bed":1,"minecraft:stone_axe":34,"minecraft:dirt":7,"minecraft:crafting_table":3,"minecraft:grindstone":2,"minecraft:white_bed":2},"minecraft:broken":{"minecraft:iron_shovel":1},"minecraft:killed":{"minecraft:chicken":4,"minecraft:cow":1},"minecraft:dropped":{"minecraft:iron_sword":1},"minecraft:crafted":{"minecraft:stone_shovel":2,"minecraft:crafting_table":1,"minecraft:spruce_planks":100,"minecraft:stick":28,"minecraft:wooden_pickaxe":1,"minecraft:stone_pickaxe":2,"minecraft:stone_sword":1,"minecraft:iron_shovel":1,"minecraft:stone_axe":1}},"DataVersion":3953}