{"stats":{"minecraft:mined":{"minecraft:large_fern":1,"minecraft:grass_block":1,"minecraft:coal_ore":9,"minecraft:carrots":2,"minecraft:iron_ore":3,"minecraft:spruce_leaves":2,"minecraft:spruce_log":14,"minecraft:stone":13,"minecraft:glow_lichen":1,"minecraft:crafting_table":3},"minecraft:picked_up":{"minecraft:raw_iron":3,"minecraft:crafting_table":3,"minecraft:spruce_log":14,"minecraft:coal":9,"minecraft:dirt":1,"minecraft:cobblestone":13},"minecraft:custom":{"minecraft:open_chest":1,"minecraft:time_since_rest":5972,"minecraft:crouch_one_cm":1803,"minecraft:play_time":5972,"minecraft:sprint_one_cm":16442,"minecraft:walk_one_cm":10563,"minecraft:sneak_time":688,"minecraft:drop":1,"minecraft:jump":139,"minecraft:time_since_death":5972,"minecraft:total_world_time":5972,"minecraft:talked_to_villager":3,"minecraft:fall_one_cm":4834,"minecraft:interact_with_crafting_table":4,"minecraft:fly_one_cm":34518},"minecraft:used":{"minecraft:wooden_axe":11,"minecraft:cobblestone":1,"minecraft:crafting_table":3,"minecraft:stone_pickaxe":16,"minecraft:spruce_planks":5,"minecraft:wooden_pickaxe":10},"minecraft:dropped":{"minecraft:wooden_pickaxe":1},"minecraft:crafted":{"minecraft:crafting_table":1,"minecraft:spruce_planks":56,"minecraft:stick":8,"minecraft:wooden_pickaxe":1,"minecraft:stone_pickaxe":1,"minecraft:wooden_axe":1}},"DataVersion":3953}