{"stats":{"minecraft:mined":{"minecraft:large_fern":1,"minecraft:carrots":23,"minecraft:iron_ore":3,"minecraft:wheat":16,"minecraft:spruce_log":14,"minecraft:crafting_table":3,"minecraft:glow_lichen":1,"minecraft:short_grass":1,"minecraft:potatoes":6,"minecraft:grass_block":1,"minecraft:coal_ore":9,"minecraft:beetroots":5,"minecraft:tall_grass":3,"minecraft:spruce_leaves":2,"minecraft:stone":13},"minecraft:picked_up":{"minecraft:crafting_table":3,"minecraft:raw_iron":3,"minecraft:wheat":1,"minecraft:chicken":1,"minecraft:leather":8,"minecraft:potato":12,"minecraft:spruce_log":14,"minecraft:carrot":26,"minecraft:string":1,"minecraft:dirt":1,"minecraft:beetroot":3,"minecraft:stone_axe":1,"minecraft:beetroot_seeds":9,"minecraft:wheat_seeds":18,"minecraft:beef":15,"minecraft:mutton":9,"minecraft:coal":9,"minecraft:white_wool":6,"minecraft:cobblestone":13},"minecraft:custom":{"minecraft:time_since_rest":6394,"minecraft:interact_with_furnace":9,"minecraft:sprint_one_cm":47650,"minecraft:damage_taken":100,"minecraft:walk_one_cm":43334,"minecraft:mob_kills":18,"minecraft:drop":6,"minecraft:damage_dealt":1692,"minecraft:swim_one_cm":6263,"minecraft:interact_with_crafting_table":6,"minecraft:talked_to_villager":4,"minecraft:fly_one_cm":110337,"minecraft:open_chest":1,"minecraft:crouch_one_cm":1854,"minecraft:play_time":15218,"minecraft:sneak_time":704,"minecraft:walk_under_water_one_cm":64,"minecraft:jump":436,"minecraft:interact_with_blast_furnace":1,"minecraft:leave_game":2,"minecraft:walk_on_water_one_cm":141,"minecraft:time_since_death":15218,"minecraft:sleep_in_bed":1,"minecraft:total_world_time":15218,"minecraft:fall_one_cm":15504},"minecraft:used":{"minecraft:wooden_axe":27,"minecraft:stone_pickaxe":16,"minecraft:spruce_planks":5,"minecraft:wooden_pickaxe":10,"minecraft:stone_axe":12,"minecraft:cobblestone":1,"minecraft:crafting_table":3,"minecraft:furnace":1,"minecraft:carrot":26,"minecraft:cooked_beef":2,"minecraft:potato":12},"minecraft:killed":{"minecraft:sheep":6,"minecraft:chicken":1,"minecraft:spider":1,"minecraft:cow":10},"minecraft:dropped":{"minecraft:dirt":1,"minecraft:wheat_seeds":18,"minecraft:wooden_axe":1,"minecraft:beetroot_seeds":9,"minecraft:wheat":1,"minecraft:wooden_pickaxe":1},"minecraft:crafted":{"minecraft:cooked_beef":9,"minecraft:crafting_table":1,"minecraft:spruce_planks":56,"minecraft:stick":8,"minecraft:wooden_pickaxe":1,"minecraft:stone_pickaxe":1,"minecraft:wooden_axe":1,"minecraft:furnace":1,"minecraft:air":0}},"DataVersion":3953}