{"stats":{"minecraft:picked_up":{"minecraft:rotten_flesh":1},"minecraft:killed":{"minecraft:zombie":1},"minecraft:custom":{"minecraft:jump":12,"minecraft:time_since_rest":2603,"minecraft:damage_dealt":20,"minecraft:leave_game":1,"minecraft:sprint_one_cm":1410,"minecraft:play_time":2603,"minecraft:damage_taken":90,"minecraft:time_since_death":2603,"minecraft:walk_one_cm":2339,"minecraft:total_world_time":2603,"minecraft:mob_kills":1,"minecraft:fall_one_cm":1331,"minecraft:fly_one_cm":794}},"DataVersion":3953}