{"stats":{"minecraft:killed_by":{"minecraft:creeper":1,"minecraft:zombie":1},"minecraft:mined":{"minecraft:spruce_leaves":6,"minecraft:large_fern":4,"minecraft:hay_block":29,"minecraft:furnace":2,"minecraft:iron_ore":4,"minecraft:fletching_table":1,"minecraft:pointed_dripstone":24,"minecraft:azalea_leaves":3,"minecraft:stone":41,"minecraft:crafting_table":8,"minecraft:torch":5,"minecraft:short_grass":11,"minecraft:blast_furnace":1,"minecraft:poppy":1,"minecraft:campfire":2,"minecraft:cobblestone":1,"minecraft:tall_grass":1,"minecraft:grindstone":2,"minecraft:wall_torch":5,"minecraft:blue_bed":1,"minecraft:purple_bed":5,"minecraft:wheat":20,"minecraft:sweet_berry_bush":30,"minecraft:spruce_log":25,"minecraft:yellow_bed":1,"minecraft:oak_log":17,"minecraft:coal_ore":89,"minecraft:dirt":24,"minecraft:sand":14,"minecraft:gravel":4,"minecraft:oak_leaves":24,"minecraft:fern":4},"minecraft:custom":{"minecraft:mob_kills":87,"minecraft:interact_with_crafting_table":24,"minecraft:leave_game":3,"minecraft:time_since_death":26039,"minecraft:sprint_one_cm":570578,"minecraft:walk_one_cm":516610,"minecraft:drop":34,"minecraft:talked_to_villager":1,"minecraft:play_time":167317,"minecraft:deaths":3,"minecraft:sneak_time":2417,"minecraft:walk_under_water_one_cm":3285,"minecraft:boat_one_cm":26322,"minecraft:jump":3011,"minecraft:interact_with_blast_furnace":2,"minecraft:walk_on_water_one_cm":17726,"minecraft:total_world_time":167317,"minecraft:interact_with_furnace":49,"minecraft:interact_with_grindstone":4,"minecraft:sleep_in_bed":7,"minecraft:time_since_rest":6229,"minecraft:damage_taken":3398,"minecraft:damage_dealt":12694,"minecraft:swim_one_cm":5090,"minecraft:fly_one_cm":641498,"minecraft:player_kills":1,"minecraft:open_chest":45,"minecraft:crouch_one_cm":6044,"minecraft:fall_one_cm":75413},"minecraft:picked_up":{"minecraft:charcoal":4,"minecraft:iron_chestplate":2,"minecraft:crafting_table":11,"minecraft:wheat":18,"minecraft:chicken":12,"minecraft:wooden_pickaxe":1,"minecraft:string":6,"minecraft:raw_copper":4,"minecraft:armor_stand":3,"minecraft:spruce_planks":41,"minecraft:beef":23,"minecraft:oak_boat":2,"minecraft:poppy":2,"minecraft:furnace":2,"minecraft:egg":1,"minecraft:stick":13,"minecraft:raw_iron":8,"minecraft:torch":22,"minecraft:porkchop":48,"minecraft:pointed_dripstone":74,"minecraft:arrow":14,"minecraft:rotten_flesh":32,"minecraft:hay_block":29,"minecraft:saddle":1,"minecraft:mutton":14,"minecraft:cobblestone":77,"minecraft:snowball":14,"minecraft:white_wool":8,"minecraft:feather":11,"minecraft:cooked_beef":15,"minecraft:brown_wool":1,"minecraft:leather":24,"minecraft:potato":4,"minecraft:flint":4,"minecraft:oak_log":22,"minecraft:yellow_bed":1,"minecraft:blue_bed":1,"minecraft:dirt":79,"minecraft:cooked_mutton":1,"minecraft:glass":2,"minecraft:bone":17,"minecraft:apple":4,"minecraft:bow":2,"minecraft:wheat_seeds":60,"minecraft:grindstone":2,"minecraft:stone_pickaxe":4,"minecraft:cooked_chicken":1,"minecraft:fletching_table":2,"minecraft:oak_planks":11,"minecraft:iron_sword":2,"minecraft:pumpkin":4,"minecraft:cooked_porkchop":10,"minecraft:sweet_berries":82,"minecraft:gravel":2,"minecraft:sand":14,"minecraft:spruce_sapling":10,"minecraft:blast_furnace":1,"minecraft:grass_block":1,"minecraft:spruce_log":27,"minecraft:spider_eye":1,"minecraft:purple_bed":5,"minecraft:stone_axe":1,"minecraft:iron_helmet":2,"minecraft:golden_horse_armor":1,"minecraft:bread":105,"minecraft:oak_sapling":14,"minecraft:coal":217},"minecraft:used":{"minecraft:armor_stand":3,"minecraft:chest":3,"minecraft:iron_sword":89,"minecraft:cooked_chicken":1,"minecraft:rotten_flesh":2,"minecraft:iron_chestplate":1,"minecraft:torch":35,"minecraft:dirt":49,"minecraft:snowball":8,"minecraft:glass":7,"minecraft:wooden_axe":13,"minecraft:iron_helmet":1,"minecraft:sweet_berries":27,"minecraft:furnace":3,"minecraft:egg":1,"minecraft:cooked_beef":11,"minecraft:cooked_mutton":10,"minecraft:stone_pickaxe":166,"minecraft:oak_planks":1,"minecraft:wooden_pickaxe":14,"minecraft:crafting_table":8,"minecraft:blast_furnace":1,"minecraft:spruce_log":3,"minecraft:apple":3,"minecraft:chicken":1,"minecraft:bread":12,"minecraft:spruce_sapling":2,"minecraft:stone_axe":154,"minecraft:fishing_rod":11,"minecraft:cobblestone":7,"minecraft:purple_bed":2,"minecraft:cooked_porkchop":6,"minecraft:yellow_bed":1,"minecraft:oak_boat":1},"minecraft:broken":{"minecraft:stone_pickaxe":1,"minecraft:stone_axe":2},"minecraft:killed":{"minecraft:spider":5,"minecraft:skeleton":10,"minecraft:chicken":9,"minecraft:pig":19,"minecraft:zombie_villager":1,"minecraft:sheep":8,"minecraft:zombie":22,"minecraft:enderman":1,"minecraft:cow":11},"minecraft:dropped":{"minecraft:wheat_seeds":13,"minecraft:cooked_beef":1,"minecraft:oak_log":8,"minecraft:cooked_porkchop":5,"minecraft:cobblestone":18,"minecraft:spruce_stairs":6,"minecraft:wooden_axe":1,"minecraft:bone":1,"minecraft:stone_axe":2,"minecraft:rotten_flesh":3,"minecraft:spruce_planks":20,"minecraft:spruce_log":10,"minecraft:arrow":2,"minecraft:stone_pickaxe":1,"minecraft:wooden_pickaxe":2},"minecraft:crafted":{"minecraft:oak_planks":52,"minecraft:fishing_rod":2,"minecraft:cooked_chicken":1,"minecraft:furnace":1,"minecraft:cooked_mutton":10,"minecraft:glass":12,"minecraft:stone_pickaxe":2,"minecraft:chest":3,"minecraft:wheat":261,"minecraft:cooked_beef":18,"minecraft:cooked_porkchop":28,"minecraft:crafting_table":3,"minecraft:spruce_planks":56,"minecraft:wooden_pickaxe":1,"minecraft:stone_axe":2,"minecraft:bread":93,"minecraft:air":0,"minecraft:oak_boat":1,"minecraft:stick":20,"minecraft:wooden_axe":1,"minecraft:torch":40}},"DataVersion":3953}